{
    "avg_latency": 3.7645512049999525,
    "latencies": [
        3.7621025670014205,
        3.7619187219988817,
        3.7688520309984597,
        3.7669150950005132,
        3.7671409499998845,
        3.767467737001425,
        3.7635429029996885,
        3.762052695999955,
        3.7625870510000823,
        3.762932297999214
    ],
    "percentiles": {
        "10": 3.7620392985998476,
        "25": 3.762223688001086,
        "50": 3.763237600499451,
        "75": 3.7670844862500417,
        "90": 3.7676061664011287,
        "99": 3.7687274445387264
    }
}